{
    "alpha_experiments": [],
    "delchisq_experiments": [],
    "delchisq_crit": 3.9999999999999973,
    "best_alpha_pts": -3.1354703764019916e-13,
    "sig_alpha_pts": 5.484157987677063e-13,
    "LB": -1.2059010828267952e-12,
    "sig_LB": 1.9154255279872043e-14,
    "UB": 1.0877181456932218e-12,
    "sig_UB": 3.665754341637991e-13,
    "x_ind": 0
}