{
    "alpha_experiments": [],
    "delchisq_experiments": [],
    "delchisq_crit": 3.9999999999999973,
    "best_alpha_pts": -1.9456760014594911e-13,
    "sig_alpha_pts": 7.504098602567688e-13,
    "LB": -1.2689908340155084e-12,
    "sig_LB": 1.293522127392408e-13,
    "UB": 1.3072459373215485e-12,
    "sig_UB": 6.514272940197352e-14,
    "x_ind": 0
}