{
    "alpha_experiments": [],
    "delchisq_experiments": [],
    "delchisq_crit": 3.9999999999999973,
    "best_alpha_pts": -3.2204178005600005e-13,
    "sig_alpha_pts": 6.608985839186867e-13,
    "LB": -1.4778184608082862e-12,
    "sig_LB": 2.9901088150683626e-13,
    "UB": 1.1796232456486051e-12,
    "sig_UB": 2.5503428898896986e-13,
    "x_ind": 0
}