{
    "alpha_experiments": [],
    "delchisq_experiments": [],
    "delchisq_crit": 3.9999999999999973,
    "best_alpha_pts": -5.269088102668742e-13,
    "sig_alpha_pts": 9.11943433085396e-13,
    "LB": -3.359571585206122e-12,
    "sig_LB": 1.0670897916230861e-12,
    "UB": 4.429543236141174e-13,
    "sig_UB": 1.053526985604852e-13,
    "x_ind": 0
}