{
    "alpha_experiments": [],
    "delchisq_experiments": [],
    "delchisq_crit": 3.9999999999999973,
    "best_alpha_pts": -4.941345410771278e-13,
    "sig_alpha_pts": 3.900266035742302e-13,
    "LB": -1.36660425971651e-12,
    "sig_LB": 2.8655283436055897e-13,
    "UB": 6.877058435127009e-13,
    "sig_UB": 2.226894888561462e-13,
    "x_ind": 0
}