{
    "alpha_experiments": [],
    "delchisq_experiments": [],
    "delchisq_crit": 3.9999999999999973,
    "best_alpha_pts": -3.179587015170199e-13,
    "sig_alpha_pts": 6.71487625931426e-13,
    "LB": -1.4382604957336749e-12,
    "sig_LB": 4.2536545129304337e-13,
    "UB": 1.1654498755773912e-12,
    "sig_UB": 4.891377509216915e-13,
    "x_ind": 0
}