{
    "alpha_experiments": [],
    "delchisq_experiments": [],
    "delchisq_crit": 3.9999999999999973,
    "best_alpha_pts": -2.0546492626017067e-13,
    "sig_alpha_pts": 5.523135913160633e-13,
    "LB": -1.2809138326989006e-12,
    "sig_LB": 0.0,
    "UB": 7.172052135727124e-13,
    "sig_UB": 0.0,
    "x_ind": 0
}