{
    "alpha_experiments": [],
    "delchisq_experiments": [],
    "delchisq_crit": 3.9999999999999973,
    "best_alpha_pts": -2.371317902765705e-13,
    "sig_alpha_pts": 4.4275890789685394e-13,
    "LB": -1.2496471396776137e-12,
    "sig_LB": 2.937302013637966e-13,
    "UB": 9.657974147366539e-13,
    "sig_UB": 3.6378129102770446e-13,
    "x_ind": 0
}