{
    "alpha_experiments": [],
    "delchisq_experiments": [],
    "delchisq_crit": 3.9999999999999973,
    "best_alpha_pts": -2.7641740278540925e-13,
    "sig_alpha_pts": 5.15242823509463e-13,
    "LB": -1.6574624086376302e-12,
    "sig_LB": 3.281420507009655e-13,
    "UB": 6.357053434996216e-13,
    "sig_UB": 1.0371820308164977e-13,
    "x_ind": 0
}