{
    "alpha_experiments": [],
    "delchisq_experiments": [],
    "delchisq_crit": 3.9999999999999973,
    "best_alpha_pts": -4.0879281097333854e-13,
    "sig_alpha_pts": 2.7739597054145324e-13,
    "LB": -1.066074317050034e-12,
    "sig_LB": 9.665170963920673e-14,
    "UB": 2.1886801271947824e-13,
    "sig_UB": 9.023819125917939e-14,
    "x_ind": 0
}