{
    "alpha_experiments": [],
    "delchisq_experiments": [],
    "delchisq_crit": 3.9999999999999973,
    "best_alpha_pts": -3.637833720013105e-13,
    "sig_alpha_pts": 2.9495998634607596e-13,
    "LB": -1.106462065591578e-12,
    "sig_LB": 1.488312071016808e-13,
    "UB": 5.61386037481052e-13,
    "sig_UB": 2.5928662763469164e-13,
    "x_ind": 0
}