{
    "alpha_experiments": [],
    "delchisq_experiments": [],
    "delchisq_crit": 3.9999999999999973,
    "best_alpha_pts": -2.5686931457487463e-13,
    "sig_alpha_pts": 5.539247409947396e-13,
    "LB": -1.464240113049147e-12,
    "sig_LB": 5.170112082969862e-13,
    "UB": 1.0773617984833153e-12,
    "sig_UB": 4.3258883719186796e-13,
    "x_ind": 0
}