{
    "alpha_experiments": [],
    "delchisq_experiments": [],
    "delchisq_crit": 3.9999999999999973,
    "best_alpha_pts": -2.953844289744844e-13,
    "sig_alpha_pts": 1.7454090478845685e-13,
    "LB": -8.000740076867507e-13,
    "sig_LB": 5.907524656488004e-14,
    "UB": 2.7258401063973995e-13,
    "sig_UB": 2.7333612529905337e-14,
    "x_ind": 0
}