{
    "alpha_experiments": [],
    "delchisq_experiments": [],
    "delchisq_crit": 3.9999999999999973,
    "best_alpha_pts": -2.120868332663169e-14,
    "sig_alpha_pts": 3.37296089059424e-13,
    "LB": -1.0803756983802293e-12,
    "sig_LB": 0.0,
    "UB": 3.0590874814381826e-13,
    "sig_UB": 0.0,
    "x_ind": 0
}