{
    "alpha_experiments": [],
    "delchisq_experiments": [],
    "delchisq_crit": 3.9999999999999973,
    "best_alpha_pts": -2.808076953831434e-13,
    "sig_alpha_pts": 2.9815775385752496e-13,
    "LB": -1.2123275498474205e-12,
    "sig_LB": 3.136349487202281e-13,
    "UB": 3.6182878430408874e-13,
    "sig_UB": 8.419003558202361e-14,
    "x_ind": 0
}