{
    "alpha_experiments": [],
    "delchisq_experiments": [],
    "delchisq_crit": 3.9999999999999973,
    "best_alpha_pts": -8.235475729372484e-14,
    "sig_alpha_pts": 4.720167741407908e-13,
    "LB": -1.3355452855363799e-12,
    "sig_LB": 3.8418818391152396e-13,
    "UB": 1.0046491095625848e-12,
    "sig_UB": 3.1705443963420987e-13,
    "x_ind": 0
}