{
    "alpha_experiments": [],
    "delchisq_experiments": [],
    "delchisq_crit": 3.9999999999999973,
    "best_alpha_pts": -2.345275130839798e-13,
    "sig_alpha_pts": 3.510161195198586e-13,
    "LB": -8.377601859520893e-13,
    "sig_LB": 7.145699500021793e-14,
    "UB": 6.652002154229607e-13,
    "sig_UB": 5.03909456378075e-14,
    "x_ind": 0
}