{
    "alpha_experiments": [],
    "delchisq_experiments": [],
    "delchisq_crit": 3.9999999999999973,
    "best_alpha_pts": -4.637858868294251e-14,
    "sig_alpha_pts": 4.3717631343093705e-13,
    "LB": -1.0637463106864724e-12,
    "sig_LB": 1.6778312298403042e-13,
    "UB": 9.696360959790462e-13,
    "sig_UB": 2.9036219383835706e-13,
    "x_ind": 0
}