{
    "alpha_experiments": [],
    "delchisq_experiments": [],
    "delchisq_crit": 3.9999999999999973,
    "best_alpha_pts": -1.791338042487547e-13,
    "sig_alpha_pts": 4.668481342546158e-13,
    "LB": -1.0899637482206067e-12,
    "sig_LB": 3.255521330293944e-13,
    "UB": 1.1065082188709088e-12,
    "sig_UB": 5.010269967676331e-13,
    "x_ind": 0
}