{
    "alpha_experiments": [],
    "delchisq_experiments": [],
    "delchisq_crit": 3.9999999999999973,
    "best_alpha_pts": -2.6310747793595483e-13,
    "sig_alpha_pts": 2.8923918031457643e-13,
    "LB": -1.0974981439127038e-12,
    "sig_LB": 1.0224590743347286e-13,
    "UB": 3.2047001579445263e-13,
    "sig_UB": 3.066198683979161e-14,
    "x_ind": 0
}