{
    "alpha_experiments": [],
    "delchisq_experiments": [],
    "delchisq_crit": 3.9999999999999973,
    "best_alpha_pts": -2.368150704306916e-13,
    "sig_alpha_pts": 3.7405831153252585e-13,
    "LB": -1.1783686009219083e-12,
    "sig_LB": 9.793243414546511e-14,
    "UB": 5.455332588145292e-13,
    "sig_UB": 1.545394565683725e-13,
    "x_ind": 0
}