{
    "alpha_experiments": [],
    "delchisq_experiments": [],
    "delchisq_crit": 3.9999999999999973,
    "best_alpha_pts": -2.584634168650578e-13,
    "sig_alpha_pts": 4.685577311278534e-13,
    "LB": -1.1962449525829015e-12,
    "sig_LB": 2.485921865692029e-13,
    "UB": 1.0396733049908853e-12,
    "sig_UB": 4.4008902249185226e-13,
    "x_ind": 0
}