{
    "alpha_experiments": [],
    "delchisq_experiments": [],
    "delchisq_crit": 3.9999999999999973,
    "best_alpha_pts": -2.560238797893595e-13,
    "sig_alpha_pts": 5.233535977087302e-13,
    "LB": -1.1520113135216626e-12,
    "sig_LB": 1.456989072059473e-13,
    "UB": 1.1729516743485306e-12,
    "sig_UB": 4.228624727005816e-13,
    "x_ind": 0
}