{
    "alpha_experiments": [],
    "delchisq_experiments": [],
    "delchisq_crit": 3.9999999999999973,
    "best_alpha_pts": -4.917535609939901e-13,
    "sig_alpha_pts": 3.935063816289198e-13,
    "LB": -1.364229029346752e-12,
    "sig_LB": 2.865547227890402e-13,
    "UB": 6.900946121108168e-13,
    "sig_UB": 2.317524106089719e-13,
    "x_ind": 0
}