{
    "alpha_experiments": [],
    "delchisq_experiments": [],
    "delchisq_crit": 3.9999999999999973,
    "best_alpha_pts": -3.533664373370228e-13,
    "sig_alpha_pts": 3.2555476233848025e-13,
    "LB": -1.2384870205025853e-12,
    "sig_LB": 2.2601267718114875e-13,
    "UB": 6.858168492861607e-13,
    "sig_UB": 1.172413309071794e-13,
    "x_ind": 0
}